Model,Accuracy,Precision,Recall,F1 Score,ROC AUC,Training Time (s)
Logistic Regression,0.8840579710144928,0.8813559322033898,0.8524590163934426,0.8666666666666666,0.9212263146689377,0.011823177337646484
K-Nearest Neighbors,0.8768115942028986,0.8928571428571429,0.819672131147541,0.8547008547008548,0.9264424100489674,0.0014030933380126953
SVM,0.8623188405797102,0.8888888888888888,0.7868852459016393,0.8347826086956522,0.9195230998509687,0.07309722900390625
Gradient Boosting,0.855072463768116,0.8596491228070176,0.8032786885245902,0.8305084745762712,0.9337875239514584,0.48489975929260254
Neural Network,0.8405797101449275,0.8095238095238095,0.8360655737704918,0.8225806451612904,0.9152650628060464,0.9080822467803955
Random Forest,0.8260869565217391,0.8363636363636363,0.7540983606557377,0.793103448275862,0.921971471151799,0.20679688453674316
Naive Bayes,0.7246376811594203,0.8285714285714286,0.47540983606557374,0.6041666666666667,0.8491590376836278,0.0019409656524658203
Decision Tree,0.6739130434782609,0.6666666666666666,0.5245901639344263,0.5871559633027523,0.6583989780711093,0.01771998405456543
